tanggal,Ayam Boiler,Ayam Kampung,Bawang Merah (Medium),Bawang Putih Impor Honan,Bawang Putih Impor Kating,Beras Medium,Cabai Merah Besar,Cabai Merah Kriting,Cabai Rawit Hijau,Cabai Rawit Merah,Daging Sapi Impor Beku,Daging Sapi Lokal Daging Has Luar (Sirloin),Daging Sapi Lokal Daging Sandung Lamur (Brisket),Daging Sapi Lokal Daging Tetelan,Daging Sapi Lokal Has Dalam,Daging Sapi Lokal Paha Belakang,Garam Beryodium Bata,Garam Beryodium Halus,Gula Pasir,Ikan Kembung,Ikan Teri Asin,Indomie Rasa Kari Ayam,Jagung Pipilan Kecil,Kacang Hijau,Kacang Kedelai Eks Impor,Kacang Kedelai Lokal,Kacang Tanah,Ketela Pohon,Minyak Goreng Bimoli Botol,Minyak Goreng Curah,Susu Bubuk Kaleng Merk Bendera,Susu Bubuk Kaleng Merk Indomilk,Susu Kental Manis Kaleng Merk Bendera,Susu Kental Manis Kaleng Merk Indomilk,Telur Ayam Kampung,Telur Ayam Ras,Tepung Terigu Segitiga Biru
2018-01-02,39740,55075,26800,25000,28560,11340,37260,37140,34800,56240,120000,118333,89167,70833,143333,117660,3220,11260,13740,36660,109400,2740,16833,22340,12300,3333,25500,5060,14040,12388,43667,42000,12340,10300,2100,26150,10160
2018-01-03,38940,55075,27800,25000,30260,11440,37260,38640,35300,58240,120000,117500,89167,75000,141667,117660,3320,10660,13840,35660,108400,2740,16833,22540,12300,3333,25700,5060,14240,12450,43667,42000,12240,10400,2150,26200,10360
2018-01-04,37440,53825,28400,27500,28660,11490,39260,39340,41400,61140,120000,118333,95000,80000,146667,117660,3000,13060,13390,35860,106000,2740,16833,22540,12050,3333,25600,5060,14240,12575,43667,42000,11940,10600,2100,26300,9860
2018-01-05,36940,78825,27900,27500,28960,11740,40260,42340,40400,57340,120000,120000,102500,76667,146667,119660,3100,11260,13640,35360,102000,2800,15167,23200,12800,3333,25700,4960,14040,12200,43667,42000,11940,10300,2120,26450,9610
2018-01-08,36940,77575,27900,27500,28960,11740,40260,42340,40400,57340,120000,120000,102500,76667,146667,119660,3120,11460,13640,35360,102000,2400,15167,23200,12800,3333,25700,4960,13440,12200,43667,42000,11940,10300,2120,26450,9610
2018-01-09,37300,82100,28100,28500,28340,11480,39340,38600,38440,54340,120000,116667,95000,81667,143333,117660,3520,12300,13540,36660,105200,2320,15167,23340,12175,3667,26300,4900,13400,12625,44167,42500,11960,10440,2110,26260,9840
2018-01-10,36260,84000,28040,28500,27140,11620,40040,42860,35540,48660,120000,120000,98333,65833,143333,118660,3720,12660,13600,37660,100660,2360,15167,23340,12375,3667,25600,4800,13640,12300,44167,42400,12060,10300,2160,26000,9900
2018-01-11,38260,79250,27340,28500,27940,11620,42340,46860,37040,53660,120000,120000,101667,70000,143333,119660,3920,11460,13600,37660,101660,2360,15500,22940,12500,3667,25500,4800,13340,12363,44167,42400,11660,10300,2110,25900,10000
2018-01-12,36260,88000,25640,26000,27440,11520,41040,44360,38340,49160,120000,120000,96667,73333,142500,119660,3720,11360,13700,37660,100960,2360,15500,22240,12000,3667,25700,4800,13440,12300,44167,42400,11610,10300,2160,25700,9900
2018-01-15,37460,85767,27600,25500,28960,12240,41040,44140,42400,56740,120000,121667,101667,70000,148333,119660,3780,13100,14040,37800,107660,2400,15567,22660,12050,3667,25360,4740,13510,12625,44667,43067,12060,10700,2040,25760,10040
2018-01-16,37140,81233,25940,27500,28840,12260,41360,44860,38200,54260,120000,121667,98333,80000,148333,119660,3220,10900,13860,36660,105940,2380,15100,22740,12050,4000,25100,4800,13490,12500,44100,42433,12460,10700,1980,25400,10040
2018-01-17,37540,79675,24140,22500,27340,11710,40860,42860,42200,53260,120000,120000,90000,90000,146667,119660,3420,11100,13560,35660,103940,2380,15100,21740,11675,4000,24700,4800,13490,12500,44100,42433,12760,10700,2020,24900,9440
2018-01-18,37240,74250,25940,22500,28200,10663,46040,48200,42760,53760,70000,121667,93333,83333,131667,119660,3510,11960,13540,38860,108040,2400,15500,23040,12550,11000,24700,4800,13560,12613,43667,42433,11790,10140,2100,24000,10240
2018-01-19,38140,80667,26360,27500,28600,10925,45540,42000,43440,54800,70000,116667,91667,70000,148333,117660,3360,10600,13660,36660,108800,2380,15500,21800,12050,11500,24700,4740,13410,12300,44100,42567,12460,10140,2090,23960,9800
2018-01-22,37940,80075,26240,22500,28340,11038,46000,45840,41600,51160,85000,120000,96667,66667,150000,119660,3760,13260,13750,38300,111000,2380,15333,22800,13175,12000,25560,4800,13500,12875,44100,42567,11940,10340,2060,23800,10140
2018-01-23,36440,80075,26240,25000,30440,10975,49000,47340,45600,50660,85000,123333,100000,78333,145000,119660,4100,11760,14000,39000,109000,2380,15333,22400,13800,12000,26260,4800,13500,12500,44100,42567,11940,10440,2110,23800,10790
2018-01-24,37040,80075,23240,22500,26840,11100,48000,44140,47100,48660,85000,120000,105000,63333,148333,119660,3760,10760,13900,37800,108000,2380,15333,21400,12175,12000,24860,4800,13400,12500,44100,42567,11840,10140,2160,23600,9940
2018-01-25,37940,80333,23940,24500,27560,11113,46040,44460,47040,48340,87500,118333,87667,72667,144167,117660,4060,10860,13590,37800,110000,2400,15433,21800,12500,10850,24660,4740,13610,12575,43667,42433,11900,10160,2120,23460,10190
2018-01-26,37740,80567,24160,22500,26340,10925,46460,41900,47300,46140,90000,116667,91667,65000,143333,119000,3320,11040,13740,37860,107000,2380,16000,21540,12000,10667,23500,5000,13290,12375,43767,42000,11800,10200,2160,22940,9940
2018-01-29,38740,82925,23760,23500,28140,10988,46660,43500,45000,47840,90000,118333,90167,79333,143333,120000,3720,11140,13840,38860,108000,2380,16000,21740,12625,10667,23800,5100,13640,12563,43767,42000,11750,10200,2130,22840,10040
2018-01-30,38540,82925,23760,23500,27460,10988,46740,43840,44460,46960,89150,118333,90167,79333,143333,120000,4200,11400,13940,38660,98260,2400,15900,22060,12550,10667,24000,4960,13560,12488,44567,42833,11710,10140,2170,22960,10000
2018-01-31,38540,74750,24760,26000,26760,10988,46040,42960,45500,47500,89150,118333,89333,71000,143333,121000,3700,10460,14040,38840,107160,2400,15900,21640,12000,10433,23900,4860,13540,12575,43667,42433,11750,10160,2120,22860,10300
2018-02-01,36900,81100,23700,25000,26400,10863,47500,43000,46400,46160,89150,118333,95000,71667,145833,120000,3580,10060,13940,37540,105000,2380,16100,21440,12000,10767,24340,5000,13340,12550,44333,42500,11800,10060,2150,23050,9860
2018-02-02,36900,82767,23700,25000,26400,10863,47500,43000,46800,46160,89150,118333,95000,75000,142500,119000,3580,10060,14140,37540,105000,2380,16100,21440,12000,10767,24340,5000,13340,12550,44333,42500,11800,10060,2150,23050,9860
2018-02-05,36840,82767,22560,25000,26200,10890,45500,42060,44340,46500,90000,120000,95000,75000,142500,120000,4000,9940,13860,39000,104340,2400,15900,21560,11925,10767,24400,4860,13200,12550,44233,42267,11760,9960,2170,22550,9740
2018-02-06,36040,81100,23560,25000,27000,11170,44840,41860,42640,44300,88350,118333,95000,76667,145000,119000,3620,9240,14200,38640,104160,2400,15767,22000,12175,11233,24600,4940,13460,12500,44100,42567,11760,10140,2210,22640,9960
2018-02-07,37900,82300,24600,26000,26700,11040,47000,43000,41300,45260,89150,117500,87667,67667,145000,119500,3900,12860,14140,39160,111000,2380,15900,22540,12250,11000,24640,5000,13540,12675,44333,42500,11900,10340,2260,22500,10060
2018-02-08,35140,84175,27800,27500,30060,11000,51340,44660,42140,46740,89150,120000,101667,73333,145000,121340,3680,11300,13640,37840,111000,2380,15900,22440,13000,11233,25600,5160,13310,12250,44000,41933,12000,10060,2360,22800,10350
2018-02-09,35900,84433,27200,25000,31540,11380,51340,44300,39660,46460,75000,120000,91667,63333,143333,120000,4420,9940,14000,40000,106340,2380,15767,22300,11925,11233,24300,4940,13160,12050,44233,42267,11810,10060,2200,22340,9940
2018-02-12,37200,82500,27740,27500,30700,11270,46400,41360,41140,46940,88350,123333,91667,60000,148333,121000,3620,10640,13950,39840,110000,2400,15767,22900,13550,11567,25100,5140,13460,12450,44100,42567,12460,10140,2200,22760,9760
2018-02-13,36460,78325,28540,27500,32140,11180,47000,45600,41340,48060,89150,120000,90000,77500,145000,119000,4260,10500,13640,40160,104660,2400,15900,23000,12300,11233,24940,5000,13410,12363,44567,42833,12460,10140,2250,22500,9500
2018-02-14,37060,82075,29240,27500,33940,11620,50000,45300,42540,52560,89150,120000,96667,65000,145833,120000,4360,10400,14140,39660,105660,2400,15900,22700,11925,11233,24140,5700,13360,12425,44567,42833,12460,10140,2250,23400,9800
2018-02-15,37460,84433,32260,27500,35740,11540,53200,47700,45200,51940,89150,118333,89333,76000,143333,120000,3740,10260,14140,39660,112000,2380,15900,23140,12125,11333,24900,5200,13640,12550,44333,42500,12100,10140,2240,23340,10100
2018-02-19,38460,84433,29360,30000,35240,11640,49700,44700,41700,53940,89150,121667,101667,66667,148333,120000,3680,11260,14140,39660,108000,2380,15900,23040,12250,11333,24400,5600,13440,12363,44333,42500,12500,10140,2210,23440,9800
2018-02-20,34260,82767,27560,27500,35240,10940,54700,41700,36700,56940,109150,121667,101667,70000,145000,120000,3780,11860,14140,39660,112000,2380,15900,23040,12250,11000,24400,5600,13240,12363,44333,42500,12500,10140,2190,23040,9800
2018-02-21,34960,77075,28540,27500,37500,10925,54000,45500,39140,57660,107500,121667,100000,70000,144167,121000,3865,10650,13740,39460,110410,2360,15900,21900,11488,10900,24840,5050,13000,12300,44567,42833,12110,10140,2310,22900,10080
2018-02-22,35060,75825,30640,32500,43300,12425,49000,44000,39140,59060,87500,120000,96667,71667,146667,120000,4260,10900,13740,39160,101960,2360,15900,22000,12175,10900,24140,5100,13388,12300,44567,42833,12660,10140,2370,23100,9940
2018-02-23,34260,83667,29900,35000,43860,11263,49000,43040,40000,59840,83350,118333,95833,63333,146667,119500,3860,9460,13700,37960,103500,2280,15767,21060,11675,10433,23660,5300,13125,12450,44100,41733,12040,10140,2400,23000,9860
2018-02-26,33760,81450,30640,37500,42400,11525,53760,45460,41500,58800,75750,117500,81667,56667,145500,118500,4060,13100,13640,40660,107160,2360,15900,21200,12175,10900,25140,5200,13000,12550,44567,42833,12660,10140,2400,23000,9940
2018-02-27,34560,84433,33340,35000,41700,11900,54260,45860,41000,58800,73250,123333,93333,73333,146667,120000,3960,10300,13740,39660,101460,2360,15900,22100,12175,10900,23440,5000,13388,12425,44567,42833,12660,10140,2320,22900,9940
2018-02-28,33560,83950,34740,40000,44200,11113,53540,48500,42840,59500,90000,120000,85000,63333,151667,121000,4300,11940,13340,38660,111000,2340,15900,21340,13250,11000,24900,5200,10740,12425,44567,42833,12900,10200,2430,22960,10200
2018-03-01,37760,66160,30740,32500,40600,11675,52040,47500,43340,58000,90000,118333,91000,79333,143333,120000,3980,11140,13840,40160,106000,2340,15900,22740,12375,11000,24200,4600,13613,12550,44567,42833,12300,10200,2340,22860,10100
2018-03-02,35560,85825,32240,35000,41600,11075,49540,46000,39340,57000,90000,121667,92667,72667,146667,123000,4080,11040,13940,38660,107000,2340,15900,22840,12875,11000,24400,4900,13425,12175,43233,41500,12300,10200,2340,23360,10300
2018-03-05,36400,87767,34900,35000,41500,10825,49660,45500,37400,58300,90000,116667,83333,53333,146667,119000,4000,11160,13450,38860,111600,2360,15567,22600,13750,10767,25000,5160,13075,12325,44333,42500,12360,10240,2530,23160,9900
2018-03-06,36600,87767,30100,32500,39500,10660,49660,45800,39400,63400,90000,125000,76667,66667,145833,122000,4100,10160,13400,37860,110600,2360,15567,22100,12000,11433,23500,5160,13513,12100,44333,42500,12260,10140,2470,22060,9800
2018-03-07,36200,86100,31900,35000,40300,10760,49660,46000,40400,65800,90000,125000,85000,64167,148333,122000,3900,11160,13600,38460,110600,2360,15567,22500,12000,11433,24500,5060,13450,12700,44333,42500,12460,10140,2420,22160,9900
2018-03-08,34400,81675,32500,35000,40140,11310,50160,46700,41340,67660,87500,120000,100000,66667,147500,123000,4110,10340,13840,40160,105340,2380,15567,23800,11750,11333,25000,5340,13500,12625,44000,42100,12300,10140,2490,22350,10040
2018-03-09,38700,83900,34200,45000,39740,10760,52160,46200,39240,67660,87500,120000,100000,60000,143333,120000,4640,11340,13690,42660,117840,2380,15567,22400,12500,11333,25200,5140,12875,12938,42667,40767,11900,9640,2520,23200,10340
2018-03-12,36340,80425,32800,35000,37300,11160,53400,49160,38800,69840,85000,120000,100000,71667,146667,122000,4020,10860,13400,37960,101300,2320,15567,22660,11675,10767,25260,5300,13375,12450,44333,41733,12240,10140,2370,22600,9760
2018-03-13,37140,79900,35700,31500,37700,10960,56000,51060,39200,71940,85000,123333,93333,74000,146667,122000,4500,11860,13500,41460,111000,2320,15567,22260,12550,10767,24360,5000,12938,12450,43000,40400,12640,10640,2520,22400,10360
2018-03-14,35540,85567,34500,34000,37900,11160,52900,52460,39200,73340,85000,116667,85000,55000,143333,120500,3900,9460,13500,39460,107000,2320,15567,21960,12050,10767,24060,5000,13500,12325,44333,41733,12440,10040,2380,22100,9860
2018-03-15,37940,79800,34000,40000,40700,10860,56400,52860,37700,71340,95000,117500,100000,61667,145000,120500,4080,11860,13500,39960,111000,2300,15567,21760,11300,10767,24260,5000,13625,12700,44333,41733,11940,10540,2420,22500,9960
2018-03-16,40040,80550,35100,31500,42400,10760,58000,52560,38200,70340,95000,123333,101667,76667,151667,123000,4500,12360,13500,41460,116000,2320,15567,22460,13175,10767,25160,4900,13625,12575,43000,40400,12240,10740,2520,22500,10660
2018-03-19,39660,82825,34400,31500,40340,10820,58000,55200,38060,67200,96650,121667,100833,69167,148333,120660,4540,11500,13540,42160,111660,2360,15667,22600,12550,11233,24140,4800,13575,12550,43233,41500,12260,10740,2580,22640,10260
2018-03-20,36960,85825,32400,42500,44340,10820,56400,52600,38060,62200,86650,120000,100000,68333,148333,120660,4560,12300,13640,38660,103660,2360,15667,23200,13300,11233,25340,5200,13450,12425,43233,41500,11960,10740,2380,22540,10010
2018-03-21,38060,86100,33300,37500,47340,10770,55900,52500,37060,61200,86650,118333,81667,70000,142500,120660,3880,10100,13340,36660,115660,2360,15667,21900,11675,10233,23540,4700,13638,12550,44567,42833,12060,10240,2460,21840,9860
2018-03-22,38400,86100,35860,37500,48340,10730,57100,50900,36560,59200,85850,120000,86667,66667,145000,120660,3980,11700,13300,38360,117340,2420,15567,21800,12175,10233,24500,4940,13638,12640,44433,42600,12060,10340,2380,21400,10160
2018-03-23,40500,77075,38060,33500,45140,10730,59000,53000,39560,62600,85850,120000,100000,65000,146667,121660,3960,10800,13300,41660,102440,2420,15567,22400,12425,10233,25000,4940,13450,12890,44433,42600,12260,10790,2490,21600,10760
2018-03-26,38460,87767,33900,42500,47900,10770,53900,45360,38060,52700,86650,120000,93333,76667,146667,120660,4160,12200,13490,39340,104660,2420,15667,23100,13675,10233,25840,5200,13450,12690,43233,41500,11860,10790,2330,21540,9960
2018-03-27,37860,88750,34740,37500,50000,10880,55060,46660,39560,55940,87500,120000,100000,71667,146667,120660,4220,10640,13410,36600,108900,2420,15333,21740,12175,10900,26540,4840,13450,12760,44067,42167,11850,10350,2490,21740,10140
2018-03-28,37760,82075,36200,33500,46240,10940,56040,47860,39500,53900,89150,116667,85000,70000,143333,120660,3880,12840,13490,38540,114500,2420,15667,22440,10400,11333,25800,5000,13050,12740,44567,42833,12100,10400,2500,21610,10340
2018-03-29,34260,82767,34740,33940,44200,10940,54700,47700,39140,53940,89150,121667,101667,70000,145000,120000,3780,11860,13340,38660,112000,2380,15900,22100,12250,11000,24900,5000,13240,12363,44333,42500,12500,10140,2430,22640,9800
2018-04-02,39340,82233,36040,38500,47740,11240,55000,49160,39060,57000,84150,123333,98333,70000,155000,120660,3910,11360,13190,40340,106340,2400,15567,21760,11750,11100,25500,4940,13613,12840,44333,42067,12240,10840,2320,22300,10240
2018-04-03,36440,85825,34340,35000,44400,11680,53600,46660,38000,50900,85850,120000,100000,66667,148333,120660,4060,11800,13500,37540,104340,2420,15567,23200,13175,11233,26100,5340,13325,12540,44333,42600,11860,10340,2300,22300,10260
2018-04-04,37040,87075,36340,37500,46400,10940,55500,49160,42340,52000,86650,117500,85000,60000,148333,121160,4440,12560,13140,36700,105140,2400,15567,22160,13250,10433,25900,5340,13050,12740,44333,42400,11790,10440,2400,22200,10040
2018-04-05,37540,87100,35840,37500,44400,11480,59800,50160,40260,51340,88350,116667,96667,60000,150000,120660,3940,10600,13400,36540,114340,2420,15567,21900,9440,10567,25500,4940,13075,12740,44333,42600,11960,10340,2360,21940,10140
2018-04-06,37200,63667,35840,37500,49740,11780,61000,49840,39340,54000,89150,118333,98333,73333,148333,320660,11240,10940,12860,37340,116340,2400,15433,22240,11800,10567,25840,4940,13060,12700,44000,42233,11800,10300,2340,21740,10040
2018-04-09,37500,67750,35940,37500,48740,11580,61500,48740,39840,53500,89150,115833,96667,56667,146667,319160,8040,8940,12760,37840,114340,2400,15433,22240,12175,10567,25840,4940,13060,12900,44000,42233,11800,10600,2330,21940,10240
2018-04-10,37300,86667,35640,37500,47040,10880,59000,47840,41340,52500,89150,116667,77500,63333,145833,119660,3960,10140,12710,38340,113340,2400,15433,21740,12050,10567,24740,5340,13010,12700,44000,42233,11900,10400,2280,22140,10140
2018-04-11,38300,80825,35240,35000,45200,11480,67660,48300,39540,50640,74750,116667,85000,70000,146667,119660,3680,13460,12910,37700,115340,2420,15000,23060,12550,10733,25800,5400,13340,12640,43933,42267,11860,10440,2260,22460,10000
2018-04-12,37200,74575,35140,37500,44200,11680,61660,44300,39840,44140,74750,123333,83333,68333,150000,119660,3760,10060,12710,39200,115040,2420,15000,22460,12925,11400,26000,5400,13240,12640,43933,42267,11860,10640,2260,22760,10300
2018-04-13,36700,75825,34440,37500,44400,11290,64540,44960,39340,44800,87500,120000,81667,65833,151667,119660,3860,10660,12860,36600,117500,2410,15000,21660,11800,11400,24700,5400,13240,12540,43933,42267,11860,10640,2240,22740,10100
2018-04-16,37100,80825,33540,35000,40900,11190,56000,41400,37840,47300,84150,120000,100000,70000,146667,119660,3920,10460,12940,37200,102840,2400,15433,23060,13000,11100,25700,5340,13090,12590,44333,42400,11860,10340,2240,22700,9860
2018-04-17,36500,86100,34140,35000,42400,11100,61800,43800,38840,45160,85000,120000,85000,65000,145000,119660,4000,10960,12760,37200,111000,2420,15000,22460,12425,11400,25000,5400,13240,12540,43933,42267,11660,10340,2310,22740,10100
2018-04-18,37700,86100,34140,33500,42400,11110,61800,43800,38340,44660,87500,82000,81667,65000,143333,117160,3760,11360,12660,37200,116000,2420,15000,21660,11675,10733,25100,5400,13040,12540,43933,42267,11860,10290,2240,22940,9900
2018-04-19,37500,85200,35640,35000,42400,10840,64540,45960,36340,46300,87500,125000,85000,63333,148333,121660,3900,12260,12960,36600,118000,2420,14500,22860,13675,10733,25700,5400,13540,12440,43933,42267,11660,10440,2330,23360,10300
2018-04-20,37200,83325,35740,35000,41600,10740,65540,44660,36540,45500,87500,118333,83333,70833,144167,118160,3800,12760,12710,36200,118000,2420,14500,22460,12550,10400,24900,5400,13340,12540,43933,42267,11760,10440,2140,23060,10100
2018-04-23,36600,88325,35140,30000,42400,10940,62800,43800,33840,44660,87500,120000,100000,68333,150000,119660,3880,10660,13010,37200,107000,2420,14767,23460,13800,10733,26300,5400,13190,12340,43933,42267,12060,10540,2280,23800,10000
2018-04-24,37440,80000,35400,32500,42460,10780,64000,44400,36240,45660,87500,120000,84167,71667,143333,119660,3990,12740,12800,36700,114800,2400,14900,22140,12175,10667,25400,5400,12940,12590,30500,42100,11900,10540,2320,23740,9900
2018-04-25,36740,81667,35400,35000,41660,10890,66000,42700,35740,42660,90000,121667,85000,76667,146667,120660,4020,13140,12850,36700,114800,2400,14900,22140,11925,10667,25300,5400,13140,12540,30500,42100,11900,10540,2280,23640,9800
2018-04-26,37200,81100,34900,35000,41340,10730,63840,43060,35500,44160,88350,120000,83333,63333,148333,119660,4080,11960,12960,35860,115660,2380,15100,22360,13625,10500,25260,5400,13360,12540,44333,42400,12000,10440,2290,23660,9860
2018-04-27,38260,59660,33200,31500,36360,10850,60640,39100,32840,38560,90000,120000,80000,65000,146667,119660,3600,11360,12710,38200,114000,2460,15100,22360,10140,10733,23800,5400,13240,12500,43933,42267,11300,10240,2260,23400,10000
2018-04-30,38060,85825,35200,32500,41160,10990,63140,39700,33340,38660,85000,120000,100000,71667,146667,119660,3770,10860,12960,37700,103500,2460,15100,22460,12675,10733,25100,5400,13290,12500,43933,42267,11900,10190,2330,23600,9900
2018-05-02,38260,80825,33200,32500,36860,10990,61140,40700,32340,38660,95000,113333,90000,73333,141667,117660,3820,10860,13010,37200,105000,2460,15100,22660,13550,10733,23900,5400,13290,12600,43933,42267,12000,10190,2280,23500,9900
2018-05-03,38060,81100,33700,35000,39860,11250,62140,40700,33340,39660,90000,120000,80000,68333,145000,119660,3900,10160,12860,38200,113000,2460,15100,21460,12175,10733,24200,5400,13240,12500,43933,42267,11900,10540,2370,23600,9800
2018-05-04,38260,81100,37000,37500,38360,11300,62140,38700,34340,39660,90000,120000,85000,68333,145000,119660,3700,10860,12860,38200,111500,2460,15100,21660,12675,10733,24600,5400,13440,12300,43933,42267,12100,9940,2380,24100,10300
2018-05-07,37660,87075,38600,32500,40260,11040,57040,41100,34740,39060,85000,121667,102500,66667,151667,119660,3920,10860,13060,40200,110000,2560,15100,22960,14175,10733,25000,5400,13240,12740,43933,42267,12300,9990,2480,24300,10300
2018-05-08,37860,87767,36900,35000,38860,11040,63140,37700,33340,39660,85000,118333,98333,66667,146667,119160,3920,12260,12960,39200,104000,2460,15100,22760,12675,10733,25000,5200,13740,12300,43933,42267,12100,9840,2200,25300,10400
2018-05-09,38660,85825,37140,32500,35800,10940,61660,37140,34840,39600,85000,119167,81667,63333,148333,119160,3800,12860,12910,37700,111840,2460,15100,22040,13300,10767,24960,5200,13540,12640,44233,47600,12100,9720,2240,25900,10400
2018-05-11,38060,87767,38240,35000,39700,10780,61060,38440,36240,39700,85000,120000,100000,63333,150000,119660,3700,11360,13260,40200,106340,2560,15100,22740,14050,10767,25060,5000,13540,12340,44233,47600,11650,9740,2490,26100,10500
2018-05-14,37300,85825,36400,30000,35160,10480,60660,34460,33640,37560,83350,120000,81667,68333,150000,119660,3640,11560,12760,37200,110660,2420,15100,21960,12500,10500,24560,5140,13060,12140,44333,42400,11700,9840,2400,26200,10560
2018-05-15,41100,85825,37200,30000,34660,10380,60660,35460,34140,39060,83350,120000,81667,75000,146667,119660,3890,12360,12760,37700,109660,2420,15100,21760,12625,10500,24160,5140,13260,12290,44333,42400,11500,9840,2400,26100,10260
2018-05-16,39900,88325,36900,35000,37660,10720,60660,36860,34140,39660,83350,120000,100000,70000,145833,119660,3660,10760,13010,38200,101660,2420,15100,21760,12250,10500,23960,5140,13460,12240,44333,42400,12100,9840,2180,25800,10360
2018-05-17,43000,87767,40400,36000,37060,11130,57460,40560,34540,41760,83350,116667,85000,73333,145000,117660,4160,10860,12710,37700,106360,2420,15100,21760,11875,10500,24860,5440,13210,12240,44333,42400,11500,10240,2250,26100,10260
2018-05-18,40160,89433,37040,35000,37100,10690,57000,41400,34900,42500,73350,121667,85000,60000,146667,120660,3920,12740,12900,37200,111000,2420,14900,22940,11575,10400,25700,5200,13490,12410,43933,42167,11500,10240,3750,26000,10340
2018-05-21,39940,88325,40160,36000,33460,10550,56500,37200,34560,36940,85000,123333,80000,70000,153333,119660,3960,11060,12660,34640,108840,2440,14567,21800,11675,11067,24500,4860,13140,12400,43567,42000,11460,10080,2310,25860,10400
2018-05-22,40440,87075,39960,35000,35560,10600,55500,38000,33860,39440,85000,120000,80000,66667,145000,119660,3860,10960,12710,36140,108340,2440,14567,22000,11675,10400,24800,5060,13490,12400,43567,42000,11460,10080,2310,25760,10200
2018-05-23,38240,89433,40660,35000,36460,10740,58000,38500,35560,39440,85000,120000,93333,76667,150000,119660,3760,10860,13160,40140,99340,2640,14567,22800,11675,10733,25100,5260,13440,12700,43567,42000,11460,10080,2460,26160,10100
2018-05-24,38360,84175,39840,35000,34040,10520,56160,36840,32740,37440,84150,119167,93333,73333,111250,119160,3940,11940,12810,37500,109500,2420,14900,22200,11800,10733,24600,5260,13260,12500,43933,42100,12200,10120,2220,25560,10500
2018-05-25,40160,97925,40840,35000,37640,10660,56660,37340,34340,38940,84150,123333,102500,70000,151667,121660,4080,10140,13060,39000,102000,2420,14900,23100,13175,10733,24900,5260,13560,12500,43933,42100,12100,9940,2240,25760,10500
2018-05-28,39560,105567,40840,35000,36140,10660,53160,35840,33340,38940,84150,120000,98333,72500,148333,119660,3680,10840,13010,39000,101000,2420,14900,22600,12175,10733,24700,5260,13460,12300,43933,42100,12100,9940,2290,25760,10300
2018-05-30,38660,88900,42840,35000,34640,10620,51160,35840,32340,38440,84150,120000,90000,63333,150000,119660,4220,10340,12860,38000,108000,2420,14900,22600,12050,10733,24300,5460,13360,12400,43933,42100,12400,10240,2270,25360,10600
2018-05-31,35940,83325,38740,25000,34340,10880,40340,33140,32340,33260,85000,120000,83333,68333,148333,119660,3860,11360,12960,37200,111000,2460,15100,22360,10740,11067,25340,5400,13140,12200,43933,42267,11700,10440,2280,24760,10400
2018-06-04,36640,82075,38940,25000,33540,10780,42340,32640,32840,33260,85000,120000,81667,75000,146667,119660,3860,12360,13010,37700,110000,2460,15100,22460,11800,11067,25040,5400,13290,12350,43933,42267,11600,10440,2280,24560,10200
2018-06-05,38140,82767,41240,32500,36840,10820,43840,34640,36640,36660,85000,123333,101667,77500,151667,120660,3900,11660,12810,41700,107000,2460,15100,22860,11550,10733,24540,5600,13690,12400,43933,42267,11500,10140,2190,24660,10600
2018-06-06,38740,90825,38740,30000,35340,10970,43840,32640,33340,34160,85000,123333,100000,73333,150000,121660,3680,10360,13210,39200,105500,2460,15100,22260,11675,10733,24740,5400,13490,12400,43933,42267,12400,10140,2190,24460,10200
2018-06-07,35640,80825,40540,28000,33140,10920,38540,32840,33340,34160,85000,130000,93333,80000,140000,119660,3760,11360,12710,36900,110000,2460,15100,21560,11175,10400,25740,5400,13340,12300,43933,42267,11500,10240,2300,24260,10300
2018-06-08,35540,82075,39540,28000,33640,11030,39040,32640,32340,35860,85000,130000,103333,71667,150000,120660,3740,11160,12910,38700,109000,2460,15100,21860,11925,10733,24940,5300,13440,12300,43933,42267,11600,10140,2290,24060,10000
2018-06-21,37540,85825,40540,30000,35640,10920,40540,33340,30640,37360,90000,130000,96667,83333,153333,121660,3880,10560,12960,38200,107000,2460,15100,22460,12175,10733,26140,5300,13490,12500,43933,42267,11500,9640,2250,24560,10200
2018-06-22,34540,84433,41440,36500,39140,11080,43540,36340,37640,41060,90000,130000,103333,78333,153333,121660,3960,10860,13360,39200,103000,2460,15100,21660,12175,10733,26440,5400,13240,12440,43933,42267,11600,9640,2340,24960,10500
2018-06-25,37140,94433,36340,29000,34840,10720,42540,32140,33340,40160,85000,126667,96667,73333,150000,119660,3680,9760,13160,38700,105000,2460,15100,22660,11675,10733,25340,5200,13440,12300,43933,42267,12200,9540,2240,24360,10100
2018-06-26,37140,94433,37040,29000,34340,10820,43040,32640,32840,43160,85000,126667,100000,76667,150000,119660,3680,11260,13160,38700,107000,2460,15100,22460,11675,10733,24890,5200,13540,12400,43933,42267,12100,9540,2190,24210,10000
2018-06-28,33940,87075,36540,29000,36340,10920,41540,34140,34340,41660,85000,131667,93333,64167,151667,122660,3680,11160,12960,37200,106000,2460,15100,22060,12675,10733,25040,5200,13440,12500,43933,42267,11600,9540,2290,24160,10200
2018-06-29,35940,87767,38040,29000,38840,10770,39540,35140,33340,45660,85000,127500,100000,68333,148333,120160,3780,10160,13260,38700,103000,2460,15100,22760,12550,10733,25340,5200,13440,12300,43933,42267,12100,9540,2240,24860,9500
2018-07-02,33340,79575,41040,29000,39840,10820,37540,35140,37340,43660,85000,126667,88333,65000,146667,119660,3860,11860,13010,37700,105500,2460,15100,22060,11800,10733,24940,5200,13040,12500,43933,42267,11550,9540,2240,24760,9450
2018-07-03,34940,77767,38740,29000,37640,10980,38540,37340,37340,54160,85000,130000,106667,70000,153333,121660,4060,10860,12860,41200,111000,2460,15100,22960,14550,10733,26540,5400,13840,12600,43933,42267,11600,9640,2340,25660,9800
2018-07-04,33940,77767,39640,29000,38440,10980,37540,35640,35740,53160,85000,130000,103333,81667,150000,121660,4160,10360,12710,39700,105300,2460,15100,22360,12425,10733,26340,5400,13740,12500,43933,42267,11500,9640,2390,25360,9600
2018-07-05,35340,62160,35040,31500,34840,10720,42040,37140,35840,50160,85000,126667,85000,55000,148333,118660,3660,12860,12810,35700,109000,2460,16100,21360,12050,10733,24840,5200,13440,12500,43933,42267,11500,10040,2300,25960,10300
2018-07-06,35740,79575,34540,29000,35340,10820,42540,37140,36840,49660,85000,126667,86667,65000,146667,119660,3860,10360,13060,38700,105000,2460,16100,21060,9140,10733,23740,5200,13140,12450,43933,42267,11500,9940,2150,25960,10400
2018-07-09,34140,78671,39890,29000,38740,10900,38040,36240,37340,48910,85000,128333,97500,67500,150000,120660,3960,11360,12935,39450,108250,2460,15100,22510,13175,10733,25740,5300,13440,12550,43933,42267,11575,9590,2290,25210,9625
2018-07-10,35740,82767,33740,29000,35140,10770,41340,38340,37340,50160,85000,126667,86667,75000,146667,119660,3860,10860,13010,37200,105000,2460,16100,20860,9340,10733,24040,5200,12990,12400,43933,42267,11500,9540,2190,26560,10200
2018-07-11,34340,79433,34540,29000,37340,10720,41540,37640,37340,49660,85000,126667,100000,73333,146667,119660,3660,10860,12810,37200,105000,2460,16100,21660,11675,10400,24540,5200,13290,12400,43933,42267,11500,9840,6740,26760,10500
2018-07-12,35840,77075,35540,29000,36340,10680,39540,36640,36840,51660,85000,126667,93333,73333,148333,120660,3680,11860,13060,37200,107000,2460,16100,21760,12050,10400,25140,5200,13240,12300,43933,42267,12200,9640,2240,26960,10400
2018-07-13,36540,77075,36340,29000,36240,10580,38540,37140,37840,53660,85000,126667,95000,78333,146667,119660,3680,12660,13010,41200,105000,2460,16100,22560,12300,10400,25140,5200,13340,12350,43933,42267,12500,10040,2280,27160,10400
2018-07-16,35540,82767,37040,29000,36240,10720,41040,38640,36840,52160,85000,126667,86667,71667,146667,119660,3860,12660,13310,41200,106000,2460,16100,22060,12175,10400,23740,5200,13340,12400,43933,42267,11900,9940,2380,26860,10500
2018-07-17,36840,87075,37840,28000,35940,10980,43540,38140,38340,52660,85000,135000,100000,77500,145000,121660,4000,13160,13260,40700,109000,2460,16100,22160,13175,10400,25940,5200,13340,12500,43933,42267,11900,10040,2440,26360,10700
2018-07-18,35540,82767,35540,29000,37240,10780,40040,36640,34340,48660,85000,128333,100000,80000,151667,119660,3550,12360,13210,42200,105000,2400,16100,23360,12675,10400,24640,5400,13840,12500,43933,42267,11900,10040,2280,26960,10700
2018-07-19,36440,82075,35540,29000,35840,11380,40040,36640,38840,48660,85000,126667,90000,76667,143333,119660,4660,11710,13260,40700,105500,2460,16100,21860,12175,10400,25740,5200,13240,12300,43933,42267,11900,9940,2390,27060,10700
2018-07-20,36140,78325,33240,28000,34340,10780,41840,40340,43140,55160,85000,123333,93333,73333,146667,117660,5950,9660,13460,39200,105000,2460,16100,21960,12175,10400,25340,5200,13540,12450,45200,42950,11900,10240,2270,27960,10300
2018-07-23,36340,78325,33740,28000,34340,10780,42040,39840,40340,55160,85000,123333,93333,60000,146667,117660,3700,12160,13360,39200,106000,2460,16100,22060,9840,10400,25440,5200,13540,12500,45200,42950,11900,10440,2280,28060,10300
2018-07-24,36340,75825,33540,29000,34540,10780,41540,39340,39340,53660,85000,123333,105000,78333,148333,117660,3960,11660,12960,42200,107000,2460,16100,22260,10540,10400,25940,5400,13740,12500,45200,42950,11900,10240,2330,27560,10400
2018-07-25,36540,79575,32140,28000,32140,10780,38540,37340,36340,53660,85000,123333,91667,68333,146667,117660,3640,10860,13260,39200,105000,2460,16100,21660,11925,10400,24740,5200,13540,12300,45200,43450,11900,10240,2350,27760,10100
2018-07-26,38800,80825,28860,26500,30600,10500,38200,36200,40000,58340,85000,126667,106667,70000,146667,117340,3580,10940,13300,39860,106660,2440,14900,23600,13425,10333,25600,5260,13400,12290,44500,42800,11940,10240,2320,27140,10200
2018-07-27,36800,80825,28560,29000,30200,10450,36700,35200,40000,56340,85000,126667,93333,70000,146667,117340,3500,10540,13100,37860,104660,2440,14900,22800,12175,10333,25400,5060,13400,12340,44500,42675,11940,10240,2220,27140,10200
2018-07-30,38800,80825,28560,26500,30200,10450,37700,35200,40000,56340,85000,126667,106667,66667,146667,117340,3580,9940,13300,39860,106660,2440,14900,23000,13425,10333,25600,5260,13400,12340,44500,42800,11940,10240,2320,26940,10300
2018-07-31,37800,64660,29060,29000,31600,10500,36500,34200,38500,56340,85000,126667,106667,70000,146667,117340,3500,10540,13100,38860,107660,2440,14900,22600,9740,7750,25200,5060,13600,12290,44500,42800,11940,10240,2320,26940,10400
2018-08-01,33340,82075,29060,26500,30600,10800,36500,33200,38500,56340,85000,126667,100000,70000,146667,117340,3520,10540,13300,38860,107660,2440,14900,22400,10140,10333,25200,5060,13600,12290,44500,42800,11940,10340,2320,26940,10300
2018-08-02,34940,82075,29460,30000,30600,10900,36300,31000,39500,52340,85000,130000,100000,73333,146667,117340,3500,10540,13100,38860,109660,2440,14900,22200,12675,10333,25200,5060,13600,12490,44250,42550,11940,10040,2320,25740,10200
2018-08-03,33940,80825,31460,27500,30600,10550,36000,31000,39000,51340,85000,130000,93333,63333,146667,117340,3700,10440,12900,38360,102660,2440,14900,22400,12675,10333,25100,5060,13100,12240,44250,42550,11940,10040,2320,25340,10200
2018-08-06,35340,66660,31260,27500,31100,10600,35700,30800,38000,49340,85000,130000,93333,66667,146667,117340,3700,10540,12950,38360,103460,2440,14900,22100,12175,10333,25800,5060,13100,12140,44250,42550,11940,10040,2370,25240,10200
2018-08-07,35740,93325,29260,27500,31100,10600,35700,30800,39000,50340,85000,130000,106667,63333,146667,117340,3580,9940,12950,39360,103460,2440,14900,22900,12925,10333,26000,5260,13500,12340,44250,42550,11940,10040,2370,25240,10200
2018-08-08,34140,84175,31140,27500,33260,10840,39500,32000,39340,48540,88350,129167,98333,61667,148333,116500,3740,12800,12810,39860,108000,2440,15433,22800,12175,10333,25100,5060,13200,12700,43925,42550,11860,10180,2340,25000,10240
2018-08-09,35740,84175,32140,27500,33660,10840,39500,34000,40340,51540,88350,129167,91667,61667,148333,116500,3740,12800,12610,37860,106000,2440,15433,22600,12425,10333,25500,5060,13300,12600,43925,42425,11860,10080,2340,24400,10240
2018-08-10,34340,81675,32140,30000,32660,10890,38600,33200,40940,50340,88350,130000,100000,65000,146667,117000,3520,12100,12560,39860,110500,2440,15433,22400,12425,10333,25000,5060,13200,12400,43925,42550,11860,10080,2340,24100,10140
2018-08-13,35840,81675,31440,30000,32460,10890,38500,32000,40340,50340,88350,130000,100000,75000,146667,117000,3520,11100,12610,39860,111000,2440,15433,22000,12675,10333,24900,5060,13150,12500,43925,42550,11860,10080,2330,24100,9940
2018-08-14,36540,81675,30440,29000,31860,10990,38500,31000,40340,48340,88350,130000,106667,81667,146667,117000,3500,11100,13010,39860,111000,2440,15433,22000,12675,10333,24900,5060,13150,12400,43925,42550,11860,10180,2330,24100,9940
2018-08-15,35540,84175,29340,29000,30460,10550,36700,33500,39940,46940,88350,130000,96667,85833,146667,117000,3700,10800,12960,41860,111000,2440,15433,23200,12425,10333,26600,5260,13700,12750,43925,42550,11460,9980,2340,23800,10140
2018-08-16,36840,87925,29640,30000,31760,10540,38000,32100,36640,48140,88350,126667,105000,86667,153333,117000,3640,11600,13010,39360,107000,2380,15433,23200,12675,10333,24800,5260,13700,12700,43925,42550,11460,9980,2240,25000,10240
2018-08-20,36300,85567,27700,30000,30925,10675,37925,31250,36000,42675,95000,130000,112500,75000,160000,117500,3788,11925,12700,38625,111250,2425,15333,23500,13233,12150,24675,4575,13125,12625,44567,42567,11625,10275,2275,23700,10425
2018-08-21,35940,85425,29160,30000,32640,10640,38840,33500,38000,48840,87500,126667,106667,88333,153333,118000,3780,12340,12860,39400,109000,2380,16000,23000,12425,10433,23740,5260,13500,12700,44175,42550,11300,10020,2200,25060,10340
2018-08-22,36540,94175,29660,27500,31540,10590,39340,33000,42000,47340,87500,130000,106667,83333,151667,118000,3660,9740,12810,39400,102500,2440,16000,22800,13175,10433,24340,5260,13400,12400,44175,42550,11900,9920,2320,23960,10140
2018-08-23,36540,97925,29960,27500,31940,10640,37340,34000,38800,46340,87500,133333,113333,100000,151667,120000,3960,10240,12960,39400,107000,2440,16000,22900,14425,10433,24640,5260,13600,12700,44175,42550,11900,9920,2320,24060,10340
2018-08-27,36540,94375,29160,27500,31440,10540,37160,33000,39500,46340,89150,131667,110000,98333,150000,119000,3660,11940,12810,39400,106000,2440,15900,22900,10640,10433,24940,5260,13500,12700,44175,42550,11900,9920,2320,23940,10240
2018-08-28,36140,91875,28260,26000,31440,10540,36160,32500,37000,44340,89150,131667,106667,66667,146667,118000,3960,9940,12860,39400,104000,2440,15900,22800,13175,7825,24140,5260,13400,12600,44175,42550,11900,9920,2350,23640,10440
2018-08-29,36540,84375,28460,27500,32940,10840,37160,33500,40000,45340,89150,131667,100000,66667,146667,118000,3660,11540,12560,39400,115000,2440,15900,22400,10040,12150,24640,5060,13300,12500,44175,42550,11300,9920,2370,23940,10240
2018-08-30,35540,83750,28460,27500,31440,10840,37660,33000,38700,44440,89150,131667,93333,63333,146667,118000,3680,10540,12560,38900,109000,2440,15900,22100,12675,12150,24040,5060,13250,12350,44175,42425,11300,9920,2270,23840,10140
2018-08-31,36040,87500,27660,26000,30940,10640,35660,31500,37500,41840,89150,130000,108333,71667,146667,118000,3660,10940,12910,39400,105000,2440,15900,22800,13425,12150,24540,5260,13400,12500,44175,42550,11900,9920,2320,23940,10240
2018-09-03,35440,80000,27660,27500,29940,10840,37660,31500,37500,40840,89150,130000,101667,71667,146667,118000,3680,11540,12710,39400,109000,2440,15900,22200,12425,12150,23540,5060,13200,12400,44175,42550,11300,10020,2320,23740,10240
2018-09-04,35940,82500,28460,27500,30440,10840,37660,32500,36500,41840,89150,130000,100000,65000,146667,118000,3680,11540,12610,39900,109000,2440,15900,22300,12050,12150,23240,5060,13150,12300,44175,42550,11300,10020,2320,23690,10240
2018-09-05,35940,82500,26460,26500,29540,10540,38660,28300,34500,38140,89150,130000,106667,70000,146667,118000,3840,12540,12760,39400,112000,2440,15900,22200,12175,12150,23140,5060,13100,12200,44175,42550,11300,9920,2330,23740,10240
2018-09-06,34940,82500,28160,27500,32840,10540,39160,31900,37000,41440,89150,130000,93333,70000,146667,118000,3840,11140,12910,38400,111000,2440,15900,21800,12675,12150,24840,5060,13000,12300,44175,42550,11500,9920,2320,23540,10040
2018-09-07,34940,85000,28660,26500,32340,10640,39160,31000,33500,37440,89150,130000,93333,71667,145833,120000,3840,11040,12760,37900,110000,2440,15900,21600,12175,12150,25340,5060,13100,12100,44175,42550,11300,9920,2370,23140,10140
2018-09-10,35540,87500,27960,25000,30940,10640,37660,31000,34000,37940,89150,130833,106667,76667,148333,120000,3740,10940,12860,41400,104500,2440,15900,23500,12925,12150,24740,5260,13700,12550,44175,42550,11300,10020,2280,23140,10240
2018-09-12,37540,88750,28760,25000,32540,10640,34660,31100,34000,39940,89150,135000,113333,83333,151667,123000,3840,11840,12860,41400,109000,2440,15900,23800,13550,12150,25740,5260,13800,12800,44175,42550,11300,10020,2330,23040,10440
2018-09-13,37340,86250,27160,27500,30640,10540,34160,30500,31500,33940,89150,130000,93333,70000,146667,120000,3940,10540,12760,38400,111000,2440,15900,21600,12425,12150,24640,5060,13200,12350,44175,42550,11300,9920,2340,22840,10040
2018-09-14,37040,86250,27460,27500,30840,10640,33660,30000,31000,33440,89150,131667,93333,73333,146667,120000,3840,10840,12810,38400,112000,2440,15900,22000,13050,12150,24840,5060,13100,12400,44175,42550,11300,9920,2400,22640,9840
2018-09-17,37540,84375,25960,27500,29640,10840,34160,30500,30500,33440,89150,131667,93333,68333,148333,120000,3680,12540,12560,38400,109500,2440,15900,21900,10040,12150,24640,5060,13300,12500,44175,42425,11400,10120,2280,22640,9840
2018-09-18,36540,84375,28060,27500,30740,10640,38760,30200,31600,34540,89150,130000,90000,65000,146667,120000,3840,10840,12860,38400,110500,2440,15900,21000,12550,12150,24240,5060,12900,12350,44175,42550,11300,10120,2290,22540,9840
2018-09-19,35940,85000,29760,27500,31440,10540,40660,32000,34500,37940,89150,130000,93333,73333,146667,120000,3840,11540,13060,37900,111000,2440,15900,21600,13925,12150,25140,5060,13000,12200,44175,42550,11300,10120,2270,22840,10040
2018-09-20,36740,82500,26460,27500,30940,10840,40760,31500,36000,33840,89150,126667,95000,71667,143333,120000,3790,11140,12710,38900,111000,2440,15900,22300,12300,12150,25140,5060,13200,12400,44175,42425,11300,10120,2220,22840,10040
2018-09-21,36940,81250,27260,27500,31740,10740,40260,30500,35500,32840,89150,126667,93333,66667,143333,120000,3840,11840,12610,38400,110500,2440,15900,21800,11800,12150,24840,5060,13250,12200,44175,42425,11300,10120,2210,22840,10340
2018-09-24,36440,81250,26260,27500,30740,10840,39760,31300,34500,32840,89150,126667,93333,73333,143333,120000,3840,11140,12660,38400,112000,2440,15900,22400,12050,12150,24940,5060,13300,12400,44175,42425,11300,9920,2200,22840,10240
2018-09-25,37540,87500,24660,25000,29140,10640,34160,30800,32300,32240,89150,130000,106667,61667,146667,120000,3660,10540,12960,39400,105000,2440,15900,22800,13425,12150,25540,5060,13400,12650,44175,42550,11900,9920,2280,22640,10240
2018-09-26,36740,82500,25560,27000,29040,10790,35160,31100,34900,33340,89150,126667,93333,63333,143333,120000,3540,10840,12410,38400,109500,2440,15900,22100,12675,12150,24740,5060,13200,12100,44175,42550,11300,9920,2220,22640,10340
2018-09-27,37340,87500,25160,27000,28440,10490,32160,32700,30900,33340,89150,130000,106667,60000,146667,120000,3560,10240,12310,36400,103500,2440,15900,21900,12925,12150,24740,5060,13200,12100,44175,42550,11900,9920,2280,22240,10340
2018-09-28,36440,95000,24260,27000,28740,10640,35160,34400,34000,34840,89150,126667,90000,70000,144167,120000,3640,10540,12360,35400,109800,2440,15900,20800,12050,12150,25040,5060,13200,11900,35925,34300,11900,9920,2360,22040,10140
2018-10-01,36940,88125,24560,27000,28240,10740,36460,34900,33500,36840,89150,125833,93333,75000,144167,119500,3640,12540,12460,35400,111000,2440,15900,21100,12300,12150,24840,5060,13300,12200,35925,34300,11900,10120,2230,22040,10440
2018-10-02,34940,88750,28060,27500,32440,10740,38660,34000,36000,38340,89150,130000,96667,65000,149167,120000,3660,11540,12710,34900,109000,2440,15900,22100,13050,12150,25340,5060,13400,12200,44175,42550,11400,10020,2320,22940,10340
2018-10-03,34940,88750,26960,25000,27740,10690,36760,34400,33800,36540,89150,130000,96667,63333,146667,120000,3660,10440,12610,35400,107000,2440,15900,21600,12675,12150,24540,5060,13350,12300,44175,42550,11300,9920,2260,22440,10140
2018-10-04,36740,83750,26260,25000,27840,10640,36660,35000,34000,38340,89150,130000,99167,60000,146667,120000,3680,11540,12660,36400,109000,2440,15900,21300,12050,12150,23940,5060,13300,12150,44175,42550,11300,10020,2240,22540,10240
2018-10-05,36540,88750,25060,26000,28740,10540,35160,34500,32000,35340,89150,130000,106667,68333,146667,120000,3660,9940,12960,36900,105000,2440,15900,21900,12925,12150,25040,5260,13450,12250,44175,42550,11900,9920,2320,22440,10140
2018-10-08,36740,82500,26560,23500,28740,10540,37660,34400,34200,35540,89150,130000,93333,73333,146667,120000,3840,10840,12810,35400,111000,2440,15900,21300,12050,12150,24440,5060,13100,12150,44175,42550,11300,9920,2280,22440,10240
2018-10-09,34940,93750,25060,23500,29440,10540,37660,35500,33100,37240,89150,133333,113333,76667,151667,121000,3660,10040,12860,36400,107000,2440,15900,23000,12925,12150,25740,5260,13500,12400,44175,42550,12100,10320,2410,22940,10140
2018-10-10,38740,87500,28260,23500,31440,10740,40660,34500,35900,38740,89150,128333,93333,66667,146667,120000,3740,10540,12860,35400,111000,2440,15900,22500,12675,12150,26740,5060,13000,11900,44175,42550,11400,9920,2370,22940,10040
2018-10-11,37540,87500,27360,22500,31140,10940,38160,35500,38000,38240,89150,130000,96667,70000,150000,120000,3660,10540,12610,35400,109500,2440,15900,22500,12300,12150,26640,5060,13500,12000,44175,42550,11300,9920,2360,22740,10140
2018-10-12,38940,83750,27260,23500,31940,10740,40160,35500,36500,36740,89150,126667,93333,66667,146667,120000,3840,10240,12760,35400,112000,2440,15900,21900,11925,12150,26440,5060,12900,11800,44175,42550,11300,9920,2290,22340,10140
2018-10-15,38540,83750,26160,25000,30940,10990,39660,35300,37000,36240,89150,126667,93333,66667,146667,120000,3680,10540,12460,35400,111000,2440,15900,21800,12175,12150,26840,5060,13100,11900,44175,42425,11300,9920,2350,22640,10140
2018-10-16,37940,85000,26960,22500,30040,10440,37160,34700,36100,36340,89150,126667,100000,70000,146667,120000,3680,11040,12810,35900,110000,2440,15900,22000,13175,12150,27240,5060,13200,11900,44175,42550,11300,10020,2320,22640,10240
2018-10-17,38940,89375,26960,26500,31340,10640,42460,39800,39200,39740,89150,126667,100000,58333,148333,119500,3660,11840,12510,36400,111000,2440,15900,22200,12175,12150,26740,5260,13400,11900,44175,42550,11400,9920,2210,22440,9940
2018-10-18,38940,92500,26460,26500,30940,10640,42160,39000,38200,37740,89150,126667,100000,68333,146667,120000,3660,10540,12260,36400,110000,2440,15900,21800,11800,12150,26740,5260,13200,11500,44175,42550,11300,9920,2310,22240,9940
2018-10-19,38940,86250,26460,26500,30940,10740,40160,39000,37200,38340,89150,126667,93333,68333,146667,120000,3840,10540,12660,35400,110000,2440,15900,21800,11800,12150,26940,5260,13000,11700,44175,42550,11300,9920,2370,22240,9940
2018-10-22,38540,86250,26860,26500,30740,10740,39660,39700,37800,40340,89150,126667,93333,68333,146667,120000,3840,10540,12810,35400,111000,2440,15900,22300,12300,12150,26840,5260,13100,11900,44175,42550,11300,9920,2320,22340,10040
2018-10-23,38740,86250,27160,26500,31940,10690,40160,38500,37700,39340,89150,126667,93333,70000,146667,120000,3840,10540,12810,35400,111000,2440,15900,21800,12175,12150,26740,5260,12900,11900,44175,42550,11300,9920,2320,22440,10040
2018-10-24,38340,86250,27360,26500,32940,10740,40160,40000,35500,39840,89150,126667,93333,73333,146667,120000,3840,10540,12860,35400,111000,2440,15900,22100,12175,12150,26740,5260,13100,11900,44175,42550,11300,9920,2290,22240,10140
2018-10-25,36540,84375,26660,24000,31040,10540,43160,40800,36200,40340,89150,133333,111667,81667,150000,120000,3640,10540,12860,37400,112000,2440,15900,22000,12550,12150,25740,5260,13600,12400,44175,42550,11300,9920,2360,22040,10140
2018-10-26,36540,84375,27160,24000,30540,10440,42160,40000,35400,39840,89150,130000,106667,83333,146667,119000,3640,10540,12760,36400,111500,2440,15900,22800,12550,12150,25440,5260,13500,12200,44175,42550,11400,9920,2390,21940,10140
2018-10-29,36940,84375,24860,26500,29540,10490,40160,40000,35700,38340,89150,126667,93333,60000,146667,119000,3680,10840,12510,35400,110500,2440,15900,22200,12175,12150,25540,5260,13300,11900,44175,42425,11400,9920,2260,21940,9840
2018-10-30,36800,82075,25560,26500,29200,10860,41800,42400,36960,37640,88350,126667,93333,58333,148333,118160,3280,11840,12460,37200,109340,2440,14167,21460,12200,12850,25160,5200,13300,12100,44325,42575,11800,10360,2230,21800,10100
2018-10-31,35800,90825,26260,26500,30200,10760,43000,42900,38260,39140,88350,126667,100000,65000,143333,118660,3480,11440,12660,35200,108340,2440,14167,21460,13075,12850,25560,5200,13250,12200,44325,42700,11700,10360,2260,21700,10300
2018-11-01,36600,89575,25260,26500,29000,10860,41000,42400,37260,37640,88350,126667,100000,61667,143333,118660,3280,10940,12360,35200,106640,2440,14167,20860,12075,12850,25260,5200,13200,12000,44325,42700,11700,10360,2260,21600,10100
2018-11-02,36400,89575,26960,26500,29600,10860,38000,38400,35160,35640,88350,126667,100000,60000,143333,118660,3420,10940,12360,36200,108340,2440,14167,21460,12325,12850,24060,5400,13200,12000,44575,42950,11700,10360,2210,21700,10100
2018-11-05,36000,89575,26160,26500,28700,10760,38000,37400,34360,35240,88350,126667,93333,66667,143333,118660,3420,10940,12260,37200,108340,2440,14167,22260,12450,12850,24060,5400,13300,11800,44575,42825,11700,10260,2260,22000,10100
2018-11-06,36000,89575,26160,26500,28600,10710,39000,36400,33360,34240,88350,126667,93333,63333,143333,118160,3220,10840,12360,37200,106340,2440,14167,21960,12325,12850,23560,5400,13200,11800,44575,42825,11700,10260,2260,22000,10100
2018-11-07,36400,92700,27660,26500,30100,10760,38500,38900,34060,35240,88350,131667,100000,76667,148333,119660,3120,10740,12460,37200,112340,2440,14167,22560,13325,12850,24960,5400,13400,12000,44575,42825,11700,10260,2260,22200,10300
2018-11-08,35500,92700,26560,26500,29600,10560,36500,36900,33760,37640,88350,126667,93333,63333,143333,117660,3220,11440,12460,37200,108840,2440,13500,22660,12700,12850,23960,5400,13200,11700,44575,42825,11800,10260,2260,22200,10200
2018-11-09,36200,92075,27060,25000,29300,10760,36000,37400,35260,39140,88350,126667,106667,65000,146667,118660,3200,10340,12960,36700,108340,2440,13500,22360,12825,12850,24360,5400,13500,12000,44575,42950,12300,10160,2220,21950,10100
2018-11-12,35800,85825,27860,26500,28600,10860,35500,36400,32760,36140,88350,126667,93333,63333,146667,118660,3380,11040,13060,35200,108340,2440,13500,21860,12325,12850,24160,5400,13100,11700,44575,42950,11700,10160,2320,22000,9900
2018-11-13,36800,81675,29140,25000,28740,10540,37160,36660,32540,39660,89150,126667,93333,65000,143333,120000,3540,10800,12440,38360,110500,2440,15433,22600,12175,12000,25100,5260,13310,11950,44750,43175,11460,9580,2250,23000,9900
2018-11-14,36000,81675,28340,26500,28940,10490,37160,36160,32040,40160,89150,130000,106667,73333,143333,120000,3500,10700,12890,37860,111500,2440,15433,22600,12550,12000,25000,5260,13460,11800,44750,43300,11460,9680,2260,23300,10100
2018-11-15,36660,82075,28060,26500,29460,10690,36160,37260,33200,37860,89150,126667,101667,68333,145000,117160,3780,10800,12810,38940,122340,2460,16233,23600,12750,12000,25740,5200,13740,11960,44575,42800,11660,10000,2300,22140,10540
2018-11-16,36860,82075,27060,24000,28160,10640,37160,35760,32400,35860,89150,126667,93333,64167,143333,118660,3680,10500,12560,37740,118040,2460,16233,22400,11750,12000,24740,5200,13540,11560,44575,42800,11560,10000,2300,22640,10340
2018-11-19,36860,81450,27360,24000,28660,10640,35660,36760,34000,36860,89150,126667,93333,61667,145000,118160,3680,11800,12660,37940,119340,2460,16233,22800,12125,12000,24940,5200,13640,11960,44575,42800,11660,10500,2300,22740,10340
2018-11-21,37060,81450,28760,26500,29260,10640,35860,35760,31600,34460,89150,126667,100000,67500,143333,118660,3780,10400,12610,38940,121340,2460,16233,23200,12125,12000,25240,5200,13740,12060,44575,42800,11560,10100,2150,23140,10440
2018-11-22,35860,81450,29460,26500,29500,10590,36160,35760,32700,35360,90000,126667,100000,68333,143333,118500,3780,10400,12500,37660,122660,2460,16000,22900,12250,12100,25200,5200,13640,12110,44500,42800,11560,10260,2250,23340,10740
2018-11-23,35060,83950,29260,26500,29600,10540,37160,35760,30200,33860,90000,126667,93333,62500,143333,119000,3780,10200,12650,37660,116660,2460,16000,22600,12125,12100,24600,5400,13340,11760,44500,42800,11560,10160,2200,23340,10640
2018-11-26,35660,83950,29060,26500,29600,10590,36660,34260,30200,33860,90000,126667,93333,63333,143333,119000,3780,10700,12650,37660,118660,2460,16000,22700,12250,12100,25000,5400,13440,12010,44500,42800,11560,10160,2200,23340,10740
2018-11-27,35660,83950,28660,28000,29600,10540,34660,32760,30200,32860,90000,126667,90000,60000,143333,119000,3780,10400,12600,37660,118660,2460,16000,22600,12250,12100,24800,5200,13340,11860,44500,42800,11560,10160,2200,23040,10640
2018-11-28,36260,88950,30960,28000,32600,10690,37660,35760,32200,34860,90000,133333,100000,62500,150000,121000,3780,10500,12800,38660,120660,2460,16000,22600,13125,12100,25400,5200,13540,12010,44500,42800,11560,10160,2250,23240,10740
2018-11-29,38260,82075,30060,26500,28600,10640,37160,34760,34300,34360,90000,126667,100000,71667,143333,119000,3780,10500,12550,40660,125660,2460,16000,23000,12125,12100,25500,5200,13640,12060,44500,42800,11560,10260,2200,23340,10540
2018-11-30,37560,84575,30060,28000,30100,10590,37660,35260,34200,34860,90000,126667,93333,63333,143333,119000,3780,10900,12650,39660,120660,2460,16000,22100,12250,12100,24900,5200,13240,11760,44500,42800,11560,10160,2180,23440,10840
2018-12-03,38060,93325,30160,25500,29100,10790,36660,35760,35500,35360,90000,126666,106666,65833,146666,118000,3600,10400,12900,39160,120660,2460,16000,23900,13750,12100,25900,5200,13640,12060,44500,42800,12160,10160,2300,23940,10740
2018-12-04,37560,88325,32360,27500,28100,10590,37160,33760,32500,34360,90000,120000,90000,65000,143333,122500,3200,10400,12600,40160,121660,2460,16000,23000,12125,12100,25300,5400,13340,11660,44500,42800,11560,10260,2200,23940,10040
2018-12-05,37460,90825,31400,26500,27960,10500,32260,32360,29960,32900,85000,120000,106666,64166,146666,123160,3120,10200,12810,40840,115800,2440,15400,22400,13075,11850,26000,5460,13300,11760,44750,42675,12060,9820,2300,24600,9660
2018-12-06,37060,90825,31400,26500,27260,10450,32660,32660,30460,32300,85000,120000,106666,66666,146666,123660,3120,10100,12860,40840,115800,2440,15400,22400,13075,11850,26100,5460,13300,11810,44750,42675,12060,9820,2300,24600,9760
2018-12-07,36860,90825,30200,25500,28960,10500,33160,31660,29260,30800,85000,120000,106666,71666,146666,123660,3520,10200,12760,40840,114500,2440,15400,22100,12575,11850,26400,5460,13400,11660,44750,42675,12060,9820,2390,25400,9660
2018-12-10,37460,89575,30500,25500,28860,10500,33660,33160,29960,32300,85000,121666,108333,73333,148333,123660,3920,10500,12760,41340,116800,2440,15400,22400,13200,11850,26100,5460,13400,11860,44750,42675,12060,9820,2340,25400,9760
2018-12-11,37660,78325,30600,26500,28460,10350,35660,31660,30260,30800,85000,120000,100000,70000,143333,123660,3700,10700,12460,41840,119800,2440,15400,22000,12200,11850,25700,5460,13500,11860,44750,42675,11460,9920,2340,25500,9760
2018-12-12,37560,80000,31060,26500,29740,10590,36340,32540,30840,31660,84150,120000,100000,73333,143333,123660,3780,10860,12490,40840,120740,2440,15433,22040,12200,11900,25660,5300,13460,11950,44575,42500,11500,9960,2370,25460,9960
2018-12-13,37360,84375,31360,26500,29340,10540,38840,34040,31840,33660,84150,121666,103333,80000,146666,123660,3780,10860,12540,41340,119740,2440,15433,21940,12450,11900,25660,5300,13460,11950,44575,42500,11500,9960,2370,25260,9960
2018-12-14,37760,83750,31960,29000,27840,10590,40840,32540,31740,33160,84150,120000,93333,66666,143333,123660,3780,10360,12890,39840,113740,2440,15433,21340,12075,11900,25360,5300,13060,11600,44575,42500,11500,9860,2220,26060,9760
2018-12-17,37640,83925,30940,28000,28040,10550,43340,33560,32960,33160,85850,120000,91666,60000,143333,123660,3780,10600,12910,39600,114360,2460,15900,21160,12075,12250,25040,5340,13060,11760,44450,42425,11460,9820,2190,26200,9700
2018-12-18,39060,83750,30600,26500,28040,13262,41840,34260,32240,34240,87500,120000,93333,63333,143333,123340,3620,10600,12510,38800,110260,2460,16400,21760,12075,12250,22560,5340,13340,11560,44375,42325,11460,9820,2240,26660,9500
2018-12-19,39060,83750,31000,26500,28740,13387,42840,34460,31740,37240,87500,120000,93333,60000,143333,123340,3620,10500,12460,38300,110260,2460,16400,21560,12075,12250,22760,5340,13140,11560,44375,42325,11460,9820,2190,26660,9700
2018-12-20,39060,83750,30460,26500,28160,13250,42200,33160,28440,37100,86650,120000,93333,64166,143333,123340,3620,10500,12360,38800,110600,2460,16400,21300,12075,12100,22760,5340,13140,11560,44375,42325,11460,9820,2340,26600,9740
2018-12-21,38860,86250,30260,26500,28160,13187,42200,33660,27240,37600,86650,120000,93333,63333,143333,123340,3620,10600,12360,37800,109600,2460,16400,21100,11825,12100,26300,5340,13340,11260,44375,42325,11510,9820,2340,26500,9740
2018-12-26,39060,83750,30960,26500,27860,13187,43700,34060,27440,43900,86650,121666,95000,66666,145000,122840,3820,10900,12560,39300,114600,2460,16400,21400,12200,12100,25600,5340,13240,11560,44375,42325,11460,9820,2320,26600,9740
2018-12-27,40200,95000,30740,25500,27260,13250,40560,32800,28440,49440,85850,120000,105000,65000,146666,123660,3600,10000,13060,38800,109800,2460,16400,21900,12825,12100,25200,5340,13560,11600,44375,42450,12100,9960,2340,26740,9700
2018-12-28,39200,95000,31440,25500,27260,13375,40060,33300,28440,48340,85850,120000,106666,70000,146666,123660,3800,10300,12910,38800,111800,2460,16400,21800,12950,12100,25500,5340,13560,11700,44375,42450,12100,9960,2340,26740,9800
2018-12-31,39200,95000,31440,25500,27260,13375,40560,32800,28440,48340,85850,120000,105000,70000,146666,123660,3800,10300,12910,38800,111800,2460,16400,21800,12950,12100,25500,5340,13560,11700,44375,42450,12100,9960,2340,26740,9800
